name,warning_level_m,danger_level_m,notes
Neamatighat,84.50,85.14,Brahmaputra - Jorhat (real-ish CWC style values, VERIFY before final)
Dibrugarh,104.50,105.70,Brahmaputra - Dibrugarh
Tezpur,64.50,65.53,Brahmaputra - Sonitpur
Dhubri,28.20,29.29,Brahmaputra - Dhubri
Goalpara,35.50,36.73,Brahmaputra - Goalpara
Nematighat,84.00,85.00,placeholder - VERIFY
Dhansiri,77.50,78.50,Dhansiri river - placeholder
Sadiya,120.00,121.50,placeholder - VERIFY
Barpeta,34.00,35.00,Beki/Barpeta - placeholder
Nagaon,58.00,59.00,Kopili - placeholder
Kampur,66.00,67.00,Kopili - placeholder
North Lakhimpur,88.00,89.50,Ranga/Subansiri - placeholder
Dhemaji,93.00,94.50,Jiadhal - placeholder
Sivasagar,95.00,96.20,Dikhow - placeholder
Silchar,20.00,21.83,Barak - Cachar
Morigaon,54.00,55.00,placeholder
Diphu,184.00,185.50,placeholder
