name,lat,lng,capacity,near_village
Jorhat Relief Camp,26.7509,94.2037,800,Nimatighat
Kaziranga Highland Camp,26.5800,93.1700,500,Kaziranga
Majuli School Shelter,26.9400,94.1600,600,Majuli
Dibrugarh Stadium Camp,27.4800,94.9100,1200,Dibrugarh Town
Tezpur College Shelter,26.6300,92.7900,700,Tezpur
Dhubri Flood Camp,26.0200,89.9900,900,Dhubri
Barpeta Relief Center,26.3200,91.0100,650,Barpeta
Nagaon Community Hall,26.3500,92.6900,750,Nagaon
Silchar Relief Camp,24.8340,92.7850,850,Cachar
North Lakhimpur Camp,27.2270,94.1060,500,Lakhimpur
